payment_method_key,store
mollieCreditCardPayment,DE
molliePayPalPayment,DE
mollieBankTransferPayment,DE
mollieKlarnaPayment,DE
mollieKlarnaPayLaterPayment,DE
mollieKlarnaPayNowPayment,DE
mollieKlarnaSliceItPayment,DE
mollieEpsPayment,DE
mollieIdealPayment,DE
mollieBancontactPayment,DE
mollieKbcPayment,DE
molliePayByBankPayment,DE
mollieApplePayPayment,DE
mollieBilliePayment,DE
mollieRivertyPayment,DE
mollieIdealIn3Payment,DE
mollieAlmaPayment,DE
molliePrzelewy24Payment,DE
mollieBancomatPayPayment,DE
mollieMultibancoPayment,DE
mollieBizumPayment,DE